{
	"credit": "Made with Blockbench",
	"parent": "block/cube_bottom_top",
	"textures": {
		"side": "block/spawner",
		"bottom": "block/spawner_top"
	},
	"elements": [
		{
			"from": [0, 0, 0],
			"to": [16, 16, 16],
			"faces": {
				"north": {"uv": [0, 0, 16, 16], "texture": "#side", "cullface": "north"},
				"east": {"uv": [0, 0, 16, 16], "texture": "#side", "cullface": "east"},
				"south": {"uv": [0, 0, 16, 16], "texture": "#side", "cullface": "south"},
				"west": {"uv": [0, 0, 16, 16], "texture": "#side", "cullface": "west"},
				"up": {"uv": [0, 0, 16, 16], "texture": "#bottom", "cullface": "up"},
				"down": {"uv": [0, 0, 16, 16], "texture": "#bottom", "cullface": "down"}
			}
		},
		{
			"from": [15.998, 0.002, 0.002],
			"to": [0.002, 15.998, 15.998],
			"faces": {
				"north": {"uv": [16, 0, 0, 16], "texture": "#side", "cullface": "south"},
				"east": {"uv": [16, 0, 0, 16], "texture": "#side", "cullface": "west"},
				"south": {"uv": [16, 0, 0, 16], "texture": "#side", "cullface": "north"},
				"west": {"uv": [16, 0, 0, 16], "texture": "#side", "cullface": "east"},
				"up": {"uv": [16, 0, 0, 16], "texture": "#bottom", "cullface": "up"},
				"down": {"uv": [16, 0, 0, 16], "texture": "#bottom", "cullface": "down"}
			}
		}
	]
}