{
	"credit": "Made with Blockbench",
	"parent": "block/block",
	"textures": {
		"2": "create:item/goggles_model"
	},
	"elements": [
		{
			"name": "strap",
			"from": [3.9, 0, 4],
			"to": [12.1, 8, 12.1],
			"faces": {
				"east": {"uv": [8, 0, 16, 8], "texture": "#2"},
				"south": {"uv": [0, 0, 8, 8], "texture": "#2"},
				"west": {"uv": [16, 0, 8, 8], "texture": "#2"}
			}
		},
		{
			"name": "frames",
			"from": [4, 6, 3],
			"to": [12, 9, 4],
			"faces": {
				"north": {"uv": [0, 13, 8, 16], "texture": "#2"},
				"east": {"uv": [8, 13, 9, 16], "texture": "#2"},
				"south": {"uv": [0, 13, 8, 16], "texture": "#2"},
				"west": {"uv": [8, 13, 9, 16], "texture": "#2"},
				"up": {"uv": [0, 12, 8, 13], "texture": "#2"},
				"down": {"uv": [0, 12, 8, 13], "texture": "#2"}
			}
		}
	],
	"display": {
		"thirdperson_righthand": {
			"rotation": [75, 45, 0],
			"translation": [0, 2.5, 1.5],
			"scale": [0.375, 0.375, 0.375]
		},
		"thirdperson_lefthand": {
			"rotation": [75, 45, 0],
			"translation": [0, 2.5, 1.5],
			"scale": [0.375, 0.375, 0.375]
		},
		"firstperson_righthand": {
			"rotation": [0, 45, 0],
			"scale": [0.4, 0.4, 0.4]
		},
		"firstperson_lefthand": {
			"rotation": [0, 225, 0],
			"scale": [0.4, 0.4, 0.4]
		},
		"ground": {
			"translation": [0, 1.25, 0],
			"scale": [0.5, 0.5, 0.5]
		},
		"gui": {
			"rotation": [21, -180, 0],
			"translation": [0, 3, 0],
			"scale": [1.5, 1.5, 1.5]
		},
		"head": {
			"translation": [0, 5.75, 0],
			"scale": [1.6, 1.6, 1.6]
		},
		"fixed": {
			"translation": [0, 1.5, 4]
		}
	}
}